id,login,email,password
1,tinifmug,dorerisub@beha.tr,$2a$12$z5cQhVRLPSMNNO.F8bhyS.7KAc4cCtQzgjLWhwOS.JWpC3uPgqT3y
2,pa,nigomdop@wimfop.cc,$2a$12$z5cQhVRLPSMNNO.F8bhyS.7KAc4cCtQzgjLWhwOS.JWpC3uPgqT3y
3,epme,cad@mo.bd,$2a$12$z5cQhVRLPSMNNO.F8bhyS.7KAc4cCtQzgjLWhwOS.JWpC3uPgqT3y
4,zo,hiti@sirtowmo.au,$2a$12$z5cQhVRLPSMNNO.F8bhyS.7KAc4cCtQzgjLWhwOS.JWpC3uPgqT3y
5,cuzeeja,levunap@kaowha.cv,$2a$12$z5cQhVRLPSMNNO.F8bhyS.7KAc4cCtQzgjLWhwOS.JWpC3uPgqT3y
6,dac,hibul@pab.tz,$2a$12$z5cQhVRLPSMNNO.F8bhyS.7KAc4cCtQzgjLWhwOS.JWpC3uPgqT3y
7,demhulpo,hepunih@odepip.li,$2a$12$z5cQhVRLPSMNNO.F8bhyS.7KAc4cCtQzgjLWhwOS.JWpC3uPgqT3y
8,necekbok,of@obzevza.uk,$2a$12$z5cQhVRLPSMNNO.F8bhyS.7KAc4cCtQzgjLWhwOS.JWpC3uPgqT3y
9,be,nuwbi@za.su,$2a$12$z5cQhVRLPSMNNO.F8bhyS.7KAc4cCtQzgjLWhwOS.JWpC3uPgqT3y
10,oviwagpig,duig@lejvem.vc,$2a$12$z5cQhVRLPSMNNO.F8bhyS.7KAc4cCtQzgjLWhwOS.JWpC3uPgqT3y
11,ige,ru@igmijcu.ph,$2a$12$z5cQhVRLPSMNNO.F8bhyS.7KAc4cCtQzgjLWhwOS.JWpC3uPgqT3y
12,fu,luha@riisha.dm,$2a$12$z5cQhVRLPSMNNO.F8bhyS.7KAc4cCtQzgjLWhwOS.JWpC3uPgqT3y
13,esohezu,ucokal@ma.fm,$2a$12$z5cQhVRLPSMNNO.F8bhyS.7KAc4cCtQzgjLWhwOS.JWpC3uPgqT3y
14,jatbe,seskok@uffiwuke.et,$2a$12$z5cQhVRLPSMNNO.F8bhyS.7KAc4cCtQzgjLWhwOS.JWpC3uPgqT3y
15,pef,repu@burbev.sr,$2a$12$z5cQhVRLPSMNNO.F8bhyS.7KAc4cCtQzgjLWhwOS.JWpC3uPgqT3y
16,favadi,lukuvah@ozuvavuc.dk,$2a$12$z5cQhVRLPSMNNO.F8bhyS.7KAc4cCtQzgjLWhwOS.JWpC3uPgqT3y
17,peego,dufi@sotsotsi.gm,$2a$12$z5cQhVRLPSMNNO.F8bhyS.7KAc4cCtQzgjLWhwOS.JWpC3uPgqT3y
18,miwu,ut@uhculas.tj,$2a$12$z5cQhVRLPSMNNO.F8bhyS.7KAc4cCtQzgjLWhwOS.JWpC3uPgqT3y
19,cowimeje,vawu@rafzuke.dz,$2a$12$z5cQhVRLPSMNNO.F8bhyS.7KAc4cCtQzgjLWhwOS.JWpC3uPgqT3y
20,kunpaz,epitu@ge.an,$2a$12$z5cQhVRLPSMNNO.F8bhyS.7KAc4cCtQzgjLWhwOS.JWpC3uPgqT3y
21,jokaf,ocupi@retum.bz,$2a$12$z5cQhVRLPSMNNO.F8bhyS.7KAc4cCtQzgjLWhwOS.JWpC3uPgqT3y
22,lemo,kabol@ocu.il,$2a$12$z5cQhVRLPSMNNO.F8bhyS.7KAc4cCtQzgjLWhwOS.JWpC3uPgqT3y
23,so,woja@ahhat.mw,$2a$12$z5cQhVRLPSMNNO.F8bhyS.7KAc4cCtQzgjLWhwOS.JWpC3uPgqT3y
24,cewbutdu,uwzo@koapane.net,$2a$12$z5cQhVRLPSMNNO.F8bhyS.7KAc4cCtQzgjLWhwOS.JWpC3uPgqT3y
25,jukig,bel@laaw.li,$2a$12$z5cQhVRLPSMNNO.F8bhyS.7KAc4cCtQzgjLWhwOS.JWpC3uPgqT3y
26,nevgirpip,wenzas@def.pw,$2a$12$z5cQhVRLPSMNNO.F8bhyS.7KAc4cCtQzgjLWhwOS.JWpC3uPgqT3y
27,uwise,pomeda@ri.ck,$2a$12$z5cQhVRLPSMNNO.F8bhyS.7KAc4cCtQzgjLWhwOS.JWpC3uPgqT3y
28,ja,pufeb@agarod.pk,$2a$12$z5cQhVRLPSMNNO.F8bhyS.7KAc4cCtQzgjLWhwOS.JWpC3uPgqT3y
29,jabibag,akuven@zumsa.er,$2a$12$z5cQhVRLPSMNNO.F8bhyS.7KAc4cCtQzgjLWhwOS.JWpC3uPgqT3y
30,rijec,pehipef@aka.mv,$2a$12$z5cQhVRLPSMNNO.F8bhyS.7KAc4cCtQzgjLWhwOS.JWpC3uPgqT3y
31,nepcu,danu@zefgu.vi,$2a$12$z5cQhVRLPSMNNO.F8bhyS.7KAc4cCtQzgjLWhwOS.JWpC3uPgqT3y
32,ewa,hegopeh@joh.gl,$2a$12$z5cQhVRLPSMNNO.F8bhyS.7KAc4cCtQzgjLWhwOS.JWpC3uPgqT3y
33,rerze,gi@wep.tp,$2a$12$z5cQhVRLPSMNNO.F8bhyS.7KAc4cCtQzgjLWhwOS.JWpC3uPgqT3y
34,uvgicte,ime@hedse.im,$2a$12$z5cQhVRLPSMNNO.F8bhyS.7KAc4cCtQzgjLWhwOS.JWpC3uPgqT3y
35,ivike,zadufeda@vejgewim.mc,$2a$12$z5cQhVRLPSMNNO.F8bhyS.7KAc4cCtQzgjLWhwOS.JWpC3uPgqT3y
36,imabeewu,saj@ju.bg,$2a$12$z5cQhVRLPSMNNO.F8bhyS.7KAc4cCtQzgjLWhwOS.JWpC3uPgqT3y
37,ifede,wuf@vinbup.sa,$2a$12$z5cQhVRLPSMNNO.F8bhyS.7KAc4cCtQzgjLWhwOS.JWpC3uPgqT3y
38,ti,vazcan@wic.ky,$2a$12$z5cQhVRLPSMNNO.F8bhyS.7KAc4cCtQzgjLWhwOS.JWpC3uPgqT3y
39,il,bessi@wef.mn,$2a$12$z5cQhVRLPSMNNO.F8bhyS.7KAc4cCtQzgjLWhwOS.JWpC3uPgqT3y
40,rojik,udsobe@mi.no,$2a$12$z5cQhVRLPSMNNO.F8bhyS.7KAc4cCtQzgjLWhwOS.JWpC3uPgqT3y
41,se,kiteluh@ga.vn,$2a$12$z5cQhVRLPSMNNO.F8bhyS.7KAc4cCtQzgjLWhwOS.JWpC3uPgqT3y
42,lik,feuja@bo.eu,$2a$12$z5cQhVRLPSMNNO.F8bhyS.7KAc4cCtQzgjLWhwOS.JWpC3uPgqT3y
43,likun,maflofret@jiduwe.ad,$2a$12$z5cQhVRLPSMNNO.F8bhyS.7KAc4cCtQzgjLWhwOS.JWpC3uPgqT3y
44,jaho,awpusus@loslelaw.tj,$2a$12$z5cQhVRLPSMNNO.F8bhyS.7KAc4cCtQzgjLWhwOS.JWpC3uPgqT3y
45,jemjuje,wicah@anulon.gp,$2a$12$z5cQhVRLPSMNNO.F8bhyS.7KAc4cCtQzgjLWhwOS.JWpC3uPgqT3y
46,wa,zad@igonuh.ng,$2a$12$z5cQhVRLPSMNNO.F8bhyS.7KAc4cCtQzgjLWhwOS.JWpC3uPgqT3y
47,odece,awo@bo.uy,$2a$12$z5cQhVRLPSMNNO.F8bhyS.7KAc4cCtQzgjLWhwOS.JWpC3uPgqT3y
48,cuje,moke@ga.tj,$2a$12$z5cQhVRLPSMNNO.F8bhyS.7KAc4cCtQzgjLWhwOS.JWpC3uPgqT3y
49,korehlaw,gatejba@lazi.org,$2a$12$z5cQhVRLPSMNNO.F8bhyS.7KAc4cCtQzgjLWhwOS.JWpC3uPgqT3y
50,ko,wisot@tavico.kn,$2a$12$z5cQhVRLPSMNNO.F8bhyS.7KAc4cCtQzgjLWhwOS.JWpC3uPgqT3y
51,ip,dewuv@kuzdi.af,$2a$12$z5cQhVRLPSMNNO.F8bhyS.7KAc4cCtQzgjLWhwOS.JWpC3uPgqT3y
52,ropbuwu,ci@keksoidu.dm,$2a$12$z5cQhVRLPSMNNO.F8bhyS.7KAc4cCtQzgjLWhwOS.JWpC3uPgqT3y
53,gamhicmoh,pimefaj@vuce.ee,$2a$12$z5cQhVRLPSMNNO.F8bhyS.7KAc4cCtQzgjLWhwOS.JWpC3uPgqT3y
54,fo,wobkelku@di.lk,$2a$12$z5cQhVRLPSMNNO.F8bhyS.7KAc4cCtQzgjLWhwOS.JWpC3uPgqT3y
55,bub,zejoggi@fobit.co,$2a$12$z5cQhVRLPSMNNO.F8bhyS.7KAc4cCtQzgjLWhwOS.JWpC3uPgqT3y
56,ohupigic,ju@wenuv.tc,$2a$12$z5cQhVRLPSMNNO.F8bhyS.7KAc4cCtQzgjLWhwOS.JWpC3uPgqT3y
57,fucuc,nip@tiggaza.tt,$2a$12$z5cQhVRLPSMNNO.F8bhyS.7KAc4cCtQzgjLWhwOS.JWpC3uPgqT3y
58,dih,zejuvrov@rimlowo.vi,$2a$12$z5cQhVRLPSMNNO.F8bhyS.7KAc4cCtQzgjLWhwOS.JWpC3uPgqT3y
59,cirabzud,wem@gocow.pk,$2a$12$z5cQhVRLPSMNNO.F8bhyS.7KAc4cCtQzgjLWhwOS.JWpC3uPgqT3y
60,puplijapi,wadku@ra.ng,$2a$12$z5cQhVRLPSMNNO.F8bhyS.7KAc4cCtQzgjLWhwOS.JWpC3uPgqT3y
61,sofodo,abeajwa@fohmu.fj,$2a$12$z5cQhVRLPSMNNO.F8bhyS.7KAc4cCtQzgjLWhwOS.JWpC3uPgqT3y
62,mohisugi,gep@si.in,$2a$12$z5cQhVRLPSMNNO.F8bhyS.7KAc4cCtQzgjLWhwOS.JWpC3uPgqT3y
63,ahufup,idcimre@eluci.ba,$2a$12$z5cQhVRLPSMNNO.F8bhyS.7KAc4cCtQzgjLWhwOS.JWpC3uPgqT3y
64,fejefego,pu@su.lv,$2a$12$z5cQhVRLPSMNNO.F8bhyS.7KAc4cCtQzgjLWhwOS.JWpC3uPgqT3y
65,senes,houkule@lu.bs,$2a$12$z5cQhVRLPSMNNO.F8bhyS.7KAc4cCtQzgjLWhwOS.JWpC3uPgqT3y
66,asgi,mu@ugtuela.ae,$2a$12$z5cQhVRLPSMNNO.F8bhyS.7KAc4cCtQzgjLWhwOS.JWpC3uPgqT3y
67,faakiru,mocutti@ifisuhem.by,$2a$12$z5cQhVRLPSMNNO.F8bhyS.7KAc4cCtQzgjLWhwOS.JWpC3uPgqT3y
68,ulu,lukun@zajawesu.it,$2a$12$z5cQhVRLPSMNNO.F8bhyS.7KAc4cCtQzgjLWhwOS.JWpC3uPgqT3y
69,ihraag,jud@mozrim.ky,$2a$12$z5cQhVRLPSMNNO.F8bhyS.7KAc4cCtQzgjLWhwOS.JWpC3uPgqT3y
70,riku,ujwalhu@ga.lr,$2a$12$z5cQhVRLPSMNNO.F8bhyS.7KAc4cCtQzgjLWhwOS.JWpC3uPgqT3y
71,titwa,gun@cir.aq,$2a$12$z5cQhVRLPSMNNO.F8bhyS.7KAc4cCtQzgjLWhwOS.JWpC3uPgqT3y
72,lapdebu,gukkamif@ga.tw,$2a$12$z5cQhVRLPSMNNO.F8bhyS.7KAc4cCtQzgjLWhwOS.JWpC3uPgqT3y
73,teal,escob@iteaza.pa,$2a$12$z5cQhVRLPSMNNO.F8bhyS.7KAc4cCtQzgjLWhwOS.JWpC3uPgqT3y
74,difjip,rot@bewlu.lv,$2a$12$z5cQhVRLPSMNNO.F8bhyS.7KAc4cCtQzgjLWhwOS.JWpC3uPgqT3y
75,ho,godzel@be.as,$2a$12$z5cQhVRLPSMNNO.F8bhyS.7KAc4cCtQzgjLWhwOS.JWpC3uPgqT3y
76,voz,ow@ba.np,$2a$12$z5cQhVRLPSMNNO.F8bhyS.7KAc4cCtQzgjLWhwOS.JWpC3uPgqT3y
77,zecus,peat@ri.mr,$2a$12$z5cQhVRLPSMNNO.F8bhyS.7KAc4cCtQzgjLWhwOS.JWpC3uPgqT3y
78,oru,jimtibpaj@figvon.uy,$2a$12$z5cQhVRLPSMNNO.F8bhyS.7KAc4cCtQzgjLWhwOS.JWpC3uPgqT3y
79,efo,sag@jamcel.gr,$2a$12$z5cQhVRLPSMNNO.F8bhyS.7KAc4cCtQzgjLWhwOS.JWpC3uPgqT3y
80,fas,sidvez@tuoliven.de,$2a$12$z5cQhVRLPSMNNO.F8bhyS.7KAc4cCtQzgjLWhwOS.JWpC3uPgqT3y
81,avakoapo,duwopim@fiezaic.cm,$2a$12$z5cQhVRLPSMNNO.F8bhyS.7KAc4cCtQzgjLWhwOS.JWpC3uPgqT3y
82,gus,bev@opwajner.so,$2a$12$z5cQhVRLPSMNNO.F8bhyS.7KAc4cCtQzgjLWhwOS.JWpC3uPgqT3y
83,vekavpe,in@fabnek.bb,$2a$12$z5cQhVRLPSMNNO.F8bhyS.7KAc4cCtQzgjLWhwOS.JWpC3uPgqT3y
84,zugev,tataf@oltohap.sn,$2a$12$z5cQhVRLPSMNNO.F8bhyS.7KAc4cCtQzgjLWhwOS.JWpC3uPgqT3y
85,maonaev,juwdut@kupeh.kz,$2a$12$z5cQhVRLPSMNNO.F8bhyS.7KAc4cCtQzgjLWhwOS.JWpC3uPgqT3y
86,co,ufiapo@ponaz.tl,$2a$12$z5cQhVRLPSMNNO.F8bhyS.7KAc4cCtQzgjLWhwOS.JWpC3uPgqT3y
87,welim,nego@ojzonov.ie,$2a$12$z5cQhVRLPSMNNO.F8bhyS.7KAc4cCtQzgjLWhwOS.JWpC3uPgqT3y
88,wi,rikoeti@tof.sr,$2a$12$z5cQhVRLPSMNNO.F8bhyS.7KAc4cCtQzgjLWhwOS.JWpC3uPgqT3y
89,mihelfo,ja@obfezdip.et,$2a$12$z5cQhVRLPSMNNO.F8bhyS.7KAc4cCtQzgjLWhwOS.JWpC3uPgqT3y
90,kiktuf,piwevhac@zev.cu,$2a$12$z5cQhVRLPSMNNO.F8bhyS.7KAc4cCtQzgjLWhwOS.JWpC3uPgqT3y
91,owo,esa@ciwbihwu.ve,$2a$12$z5cQhVRLPSMNNO.F8bhyS.7KAc4cCtQzgjLWhwOS.JWpC3uPgqT3y
92,cov,navroib@hapruf.hn,$2a$12$z5cQhVRLPSMNNO.F8bhyS.7KAc4cCtQzgjLWhwOS.JWpC3uPgqT3y
93,uj,bohpobat@kevneru.mr,$2a$12$z5cQhVRLPSMNNO.F8bhyS.7KAc4cCtQzgjLWhwOS.JWpC3uPgqT3y
94,rucmodu,ew@cuswerac.cn,$2a$12$z5cQhVRLPSMNNO.F8bhyS.7KAc4cCtQzgjLWhwOS.JWpC3uPgqT3y
95,kam,raeze@befi.us,$2a$12$z5cQhVRLPSMNNO.F8bhyS.7KAc4cCtQzgjLWhwOS.JWpC3uPgqT3y
96,ce,su@muccef.ug,$2a$12$z5cQhVRLPSMNNO.F8bhyS.7KAc4cCtQzgjLWhwOS.JWpC3uPgqT3y
97,gogjigud,wudkugor@kezbu.in,$2a$12$z5cQhVRLPSMNNO.F8bhyS.7KAc4cCtQzgjLWhwOS.JWpC3uPgqT3y
98,nir,nuvi@irnut.ie,$2a$12$z5cQhVRLPSMNNO.F8bhyS.7KAc4cCtQzgjLWhwOS.JWpC3uPgqT3y
99,buvlew,gek@ehafir.pk,$2a$12$z5cQhVRLPSMNNO.F8bhyS.7KAc4cCtQzgjLWhwOS.JWpC3uPgqT3y
100,rumcimgeg,olsec@es.ar,$2a$12$z5cQhVRLPSMNNO.F8bhyS.7KAc4cCtQzgjLWhwOS.JWpC3uPgqT3y
101,user,user@mail.ru,$2a$12$z5cQhVRLPSMNNO.F8bhyS.7KAc4cCtQzgjLWhwOS.JWpC3uPgqT3y
102,actuator,actuator@mail.ru,$2a$12$z5cQhVRLPSMNNO.F8bhyS.7KAc4cCtQzgjLWhwOS.JWpC3uPgqT3y
